method,correlation,rmse,bias,avg_items
CAT-EAP,0.9484625299503516,5.824834277537593,0.20632130933649578,20.328
CAT-MLE,0.9496068863455465,5.91405059039504,0.05443843828148607,21.243
RB-Prior,0.8607652522456956,11.25860913232899,-0.20887035066983606,38.464
RB-NoPrior,0.853317532959064,11.210236501928716,5.852179722877543,30.903
